{"stat.pickup.minecraft.bone":4,"stat.leaveGame":5,"stat.mineBlock.minecraft.cobblestone":2,"stat.pickup.iceandfire.deathworm_chitin":2,"stat.mineBlock.minecraft.sandstone":10,"stat.useItem.minecraft.mutton":9,"stat.swimOneCm":15551,"stat.craftItem.minecraft.shield":1,"stat.drop.iceandfire.deathworm_chitin":1,"stat.useItem.minecraft.dirt":4,"stat.useItem.minecraft.stone_slab2":21,"stat.useItem.minecraft.water_bucket":5,"stat.pickup.minecraft.rotten_flesh":4,"silex.kill":2,"stat.killEntity.deathworm":1,"stat.pickup.minecraft.sand":7,"stat.craftItem.minecraft.furnace":3,"stat.useItem.minecraft.iron_ore":1,"stat.craftItem.minecraft.stone_pickaxe":2,"stat.pickup.minecraft.cobblestone":100,"eechetik.kill":1,"stat.craftItem.minecraft.stone_sword":1,"stat.flyOneCm":351555,"stat.pickup.minecraft.sandstone":9,"stat.pickup.minecraft.brown_mushroom":1,"stat.mineBlock.minecraft.sand":7,"stat.drop.minecraft.wheat_seeds":2,"stat.mineBlock.minecraft.iron_ore":20,"stat.timeSinceDeath":89195,"stat.useItem.minecraft.iron_pickaxe":14,"stat.craftItem.minecraft.wooden_pickaxe":1,"stat.pickup.minecraft.mutton":23,"stat.furnaceInteraction":42,"stat.useItem.minecraft.cooked_porkchop":7,"stat.useItem.lycanitesmobs.bucketpoison":1,"stat.mineBlock.minecraft.coal_ore":48,"stat.drop.minecraft.red_flower":1,"stat.pickup.minecraft.beef":6,"stat.useItem.minecraft.cooked_mutton":7,"stat.pickup.minecraft.furnace":3,"stat.craftItem.minecraft.stone_slab2":0,"stat.pickup.lycanitesmobs.raw_arisaur_meat":1,"stat.sprintOneCm":210443,"stat.craftItem.minecraft.stick":12,"stat.useItem.minecraft.snowball":1,"stat.mineBlock.minecraft.crafting_table":2,"stat.killEntity.Husk":1,"stat.useItem.minecraft.beef":6,"stat.useItem.lycanitesmobs.cooked_silex_meat":1,"jabberwock.kill":1,"stat.deaths":1,"stat.drop":8,"stat.playOneMinute":96113,"stat.killEntity.Sheep":14,"stat.drop.tombstone.grave_key":2,"stat.pickup.tombstone.grave_key":1,"stat.craftItem.minecraft.iron_pickaxe":1,"stat.pickup.minecraft.slime_ball":2,"stat.killEntity.Zombie":2,"stat.pickup.minecraft.snowball":1,"stat.mineBlock.minecraft.tallgrass":53,"stat.craftItem.minecraft.cooked_mutton":9,"stat.diveOneCm":29284,"stat.pickup.minecraft.gravel":5,"stat.drop.lycanitesmobs.raw_arisaur_meat":1,"stat.jump":2060,"stat.useItem.minecraft.sand":6,"stat.pickup.minecraft.coal":48,"stat.fallOneCm":62150,"stat.crouchOneCm":9287,"stat.craftItem.minecraft.torch":4,"stat.craftItem.minecraft.iron_ingot":22,"stat.pickup.minecraft.dirt":12,"stat.pickup.minecraft.red_mushroom":3,"stat.craftingTableInteraction":28,"stat.pickup.minecraft.iron_ore":23,"stat.useItem.minecraft.sapling":2,"stat.damageTaken":1566,"stat.pickup.minecraft.leather":8,"stat.mineBlock.minecraft.torch":1,"stat.mineBlock.minecraft.furnace":3,"stat.mineBlock.minecraft.red_flower":3,"stat.useItem.minecraft.wooden_pickaxe":3,"stat.useItem.minecraft.furnace":1,"stat.mineBlock.minecraft.mycelium":2,"stat.pickup.minecraft.dye":5,"stat.pickup.minecraft.reeds":11,"tombstone:undead_killed":4,"stat.pickup.minecraft.wheat_seeds":3,"stat.pickup.minecraft.potato":1,"stat.mineBlock.minecraft.gravel":5,"stat.useItem.minecraft.stone_pickaxe":200,"stat.craftItem.minecraft.iron_leggings":1,"stat.useItem.minecraft.stone_sword":33,"stat.damageDealt":3597,"stat.killEntity.Rabbit":1,"stat.useItem.lycanitesmobs.raw_silex_meat":1,"stat.useItem.minecraft.wool":1,"stat.killEntity.Cow":3,"stat.mineBlock.minecraft.dirt":16,"arisaur.kill":1,"stat.pickup.lycanitesmobs.raw_silex_meat":2,"geonach.kill":1,"stat.walkOneCm":90685,"stat.useItem.minecraft.torch":4,"stat.drop.minecraft.rotten_flesh":4,"stat.pickup.minecraft.crafting_table":2,"stat.useItem.minecraft.cobblestone":57,"stat.craftItem.minecraft.crafting_table":1,"stat.mineBlock.minecraft.double_plant":8,"stat.pickup.minecraft.rabbit_foot":1,"stat.pickup.minecraft.log":10,"stat.pickup.minecraft.stone":6,"stat.craftItem.minecraft.iron_chestplate":1,"stat.mineBlock.minecraft.wool":1,"stat.craftItem.lycanitesmobs.cooked_silex_meat":1,"stat.pickup.minecraft.sapling":3,"stat.killEntity.Skeleton":1,"stat.craftItem.minecraft.bucket":1,"stat.craftItem.minecraft.planks":40,"stat.mobKills":29,"stat.mineBlock.minecraft.log":10,"stat.pickup.minecraft.quartz":4,"stat.mineBlock.minecraft.leaves":3,"stat.pickup.minecraft.torch":1,"stat.pickup.minecraft.red_flower":2,"stat.sneakTime":5076,"stat.pickup.minecraft.wool":16,"stat.mineBlock.minecraft.stone":81,"stat.useItem.minecraft.sandstone":8}