{"stat.pickup.minecraft.bone":2,"stat.leaveGame":7,"stat.mineBlock.minecraft.cobblestone":7,"stat.entityKilledBy.Witch":1,"stat.useItem.minecraft.mutton":4,"stat.swimOneCm":23573,"stat.useItem.minecraft.planks":17,"stat.pickup.minecraft.porkchop":8,"stat.useItem.minecraft.dirt":12,"stat.useItem.minecraft.stone_slab2":18,"stat.mineBlock.minecraft.red_mushroom":1,"stat.pickup.minecraft.rotten_flesh":14,"stat.pickup.minecraft.sand":2,"stat.craftItem.minecraft.furnace":1,"stat.useItem.minecraft.egg":3,"stat.craftItem.minecraft.iron_boots":1,"stat.craftItem.minecraft.stone_pickaxe":1,"stat.killEntity.Enderman":1,"stat.pickup.minecraft.cobblestone":93,"stat.craftItem.minecraft.stone_sword":1,"stat.flyOneCm":264329,"stat.pickup.minecraft.glass_bottle":1,"stat.pickup.mowziesmobs.barakoa_mask_misery":1,"stat.mineBlock.minecraft.sand":2,"tombstone:villager_killed":2,"stat.killEntity.Witch":1,"stat.drop.minecraft.wheat_seeds":12,"stat.killEntity.Villager":2,"stat.mineBlock.minecraft.iron_ore":63,"stat.timeSinceDeath":23283,"stat.useItem.minecraft.iron_pickaxe":100,"stat.craftItem.minecraft.wooden_pickaxe":1,"stat.pickup.minecraft.mutton":3,"stat.furnaceInteraction":6,"tombstone:tomb_raiding":2,"stat.mineBlock.minecraft.coal_ore":16,"stat.killEntity.Creeper":1,"stat.pickup.tombstone.crafting_ingredient":1,"stat.entityKilledBy.Skeleton":1,"stat.craftItem.minecraft.stone_slab2":0,"stat.sprintOneCm":215191,"stat.craftItem.minecraft.stick":8,"stat.pickup.tombstone.magic_scroll":1,"stat.killEntity.Horse":1,"stat.useItem.minecraft.carrot":9,"stat.deaths":10,"stat.mineBlock.minecraft.planks":2,"stat.drop":6,"stat.pickup.minecraft.egg":3,"stat.playOneMinute":72262,"stat.killEntity.Sheep":2,"stat.craftItem.minecraft.iron_pickaxe":1,"stat.killEntity.Zombie":6,"stat.mineBlock.minecraft.gold_ore":3,"stat.mineBlock.minecraft.tallgrass":72,"stat.diveOneCm":10122,"stat.chestOpened":1,"stat.pickup.minecraft.gravel":17,"stat.pickup.minecraft.arrow":4,"stat.useItem.minecraft.chicken":1,"stat.useItem.minecraft.porkchop":4,"stat.jump":1398,"stat.pickup.minecraft.coal":14,"stat.fallOneCm":24076,"stat.drop.minecraft.dye":6,"stat.drop.minecraft.stone_sword":1,"stat.pickup.minecraft.gunpowder":2,"stat.crouchOneCm":10890,"stat.craftItem.minecraft.iron_ingot":35,"stat.pickup.minecraft.dirt":8,"stat.craftItem.minecraft.iron_helmet":1,"stat.pickup.minecraft.red_mushroom":1,"stat.craftingTableInteraction":9,"stat.pickup.minecraft.iron_ore":62,"stat.pickup.iceandfire.silver_ore":3,"stat.pickup.minecraft.gold_ore":3,"stat.mineBlock.minecraft.lapis_ore":4,"stat.mineBlock.minecraft.glass_pane":2,"stat.mineBlock.minecraft.leaves2":1,"stat.damageTaken":2573,"stat.pickup.minecraft.feather":3,"stat.pickup.minecraft.leather":2,"stat.mineBlock.minecraft.red_flower":1,"stat.useItem.minecraft.wooden_pickaxe":3,"stat.pickup.minecraft.dye":28,"stat.pickup.minecraft.planks":5,"tombstone:undead_killed":9,"stat.pickup.minecraft.wheat_seeds":34,"stat.entityKilledBy.Zombie":2,"stat.mineBlock.minecraft.gravel":14,"stat.useItem.minecraft.stone_pickaxe":105,"stat.useItem.minecraft.stone_sword":117,"stat.craftItem.minecraft.iron_leggings":1,"stat.damageDealt":5964,"stat.useItem.minecraft.wool":2,"stat.mineBlock.minecraft.dirt":4,"stat.killEntity.Pig":4,"stat.craftItem.minecraft.iron_sword":1,"stat.walkOneCm":112227,"stat.playerKills":4,"stat.pickup.minecraft.stick":4,"stat.mineBlock.iceandfire.silver_ore":3,"stat.useItem.minecraft.cobblestone":9,"stat.craftItem.minecraft.crafting_table":2,"stat.useItem.minecraft.gravel":10,"stat.mineBlock.minecraft.double_plant":5,"stat.pickup.minecraft.log":27,"stat.useItem.tombstone.gift":1,"stat.pickup.minecraft.stone":12,"stat.craftItem.minecraft.iron_chestplate":1,"stat.pickup.minecraft.chicken":1,"stat.killEntity.Skeleton":3,"stat.useItem.minecraft.iron_sword":10,"stat.craftItem.minecraft.planks":44,"stat.killEntity.Chicken":1,"stat.killEntity.Spider":1,"stat.mobKills":25,"stat.mineBlock.minecraft.log":11,"stat.pickup.mowziesmobs.barakoa_mask_bliss":1,"stat.mineBlock.minecraft.leaves":3,"stat.pickup.minecraft.red_flower":3,"stat.sneakTime":4318,"stat.pickup.minecraft.wool":2,"stat.mineBlock.minecraft.stone":111}