{"stat.pickup.minecraft.bone":2,"stat.leaveGame":8,"stat.mineBlock.minecraft.cobblestone":7,"stat.entityKilledBy.Witch":1,"stat.useItem.minecraft.mutton":4,"stat.swimOneCm":27735,"stat.useItem.minecraft.planks":32,"stat.pickup.minecraft.porkchop":8,"stat.useItem.minecraft.dirt":12,"stat.useItem.minecraft.stone_slab2":19,"stat.mineBlock.minecraft.red_mushroom":1,"stat.pickup.minecraft.rotten_flesh":20,"stat.pickup.minecraft.sand":2,"stat.craftItem.minecraft.furnace":1,"stat.useItem.minecraft.egg":3,"stat.craftItem.minecraft.iron_boots":1,"stat.craftItem.minecraft.stone_pickaxe":1,"stat.killEntity.Enderman":1,"stat.pickup.minecraft.cobblestone":140,"stat.craftItem.minecraft.stone_sword":1,"stat.flyOneCm":333743,"stat.pickup.minecraft.glass_bottle":1,"stat.pickup.mowziesmobs.barakoa_mask_misery":1,"stat.mineBlock.minecraft.sand":2,"tombstone:villager_killed":2,"stat.killEntity.Witch":1,"stat.drop.minecraft.wheat_seeds":12,"stat.killEntity.Villager":2,"stat.pickup.minecraft.redstone":1,"stat.mineBlock.minecraft.iron_ore":74,"stat.timeSinceDeath":19432,"stat.useItem.minecraft.iron_pickaxe":168,"stat.craftItem.minecraft.wooden_pickaxe":1,"stat.pickup.minecraft.mutton":3,"stat.furnaceInteraction":8,"tombstone:tomb_raiding":2,"stat.mineBlock.minecraft.coal_ore":25,"stat.killEntity.Creeper":2,"stat.pickup.minecraft.string":1,"stat.pickup.tombstone.crafting_ingredient":2,"stat.entityKilledBy.Skeleton":1,"stat.craftItem.minecraft.stone_slab2":0,"stat.sprintOneCm":321279,"stat.craftItem.minecraft.stick":8,"stat.pickup.tombstone.magic_scroll":1,"stat.killEntity.Horse":1,"stat.mineBlock.minecraft.crafting_table":1,"stat.useItem.minecraft.carrot":26,"stat.deaths":14,"stat.mineBlock.minecraft.planks":2,"stat.drop":9,"stat.pickup.minecraft.egg":3,"stat.playOneMinute":108154,"stat.killEntity.Sheep":2,"stat.craftItem.minecraft.iron_pickaxe":1,"stat.pickup.minecraft.slime_ball":1,"stat.killEntity.Zombie":9,"stat.mineBlock.minecraft.gold_ore":3,"stat.mineBlock.minecraft.tallgrass":98,"stat.diveOneCm":10508,"stat.chestOpened":1,"stat.pickup.minecraft.gravel":17,"stat.pickup.minecraft.arrow":4,"stat.useItem.minecraft.chicken":1,"stat.useItem.minecraft.porkchop":4,"stat.jump":1759,"stat.pickup.minecraft.coal":24,"stat.fallOneCm":31740,"stat.drop.minecraft.dye":6,"stat.drop.minecraft.stone_sword":1,"stat.pickup.minecraft.gunpowder":2,"stat.crouchOneCm":13147,"stat.pickup.minecraft.spider_eye":2,"stat.craftItem.minecraft.iron_ingot":59,"stat.pickup.minecraft.dirt":11,"stat.craftItem.minecraft.iron_helmet":1,"stat.pickup.minecraft.red_mushroom":1,"stat.craftingTableInteraction":13,"stat.pickup.minecraft.iron_ore":69,"stat.pickup.iceandfire.silver_ore":3,"stat.pickup.minecraft.gold_ore":3,"stat.mineBlock.minecraft.lapis_ore":4,"stat.mineBlock.minecraft.glass_pane":2,"stat.mineBlock.minecraft.leaves2":1,"stat.damageTaken":4135,"stat.pickup.minecraft.feather":5,"stat.pickup.minecraft.leather":2,"stat.mineBlock.minecraft.red_flower":2,"stat.mineBlock.minecraft.furnace":1,"stat.useItem.minecraft.wooden_pickaxe":3,"stat.pickup.minecraft.dye":28,"stat.pickup.minecraft.planks":5,"tombstone:undead_killed":12,"stat.killEntity.hippogryph":1,"stat.pickup.minecraft.wheat_seeds":34,"stat.entityKilledBy.Zombie":2,"stat.mineBlock.minecraft.gravel":14,"stat.useItem.minecraft.stone_pickaxe":105,"stat.useItem.minecraft.stone_sword":117,"stat.craftItem.minecraft.iron_leggings":1,"stat.damageDealt":8323,"stat.useItem.minecraft.wool":2,"stat.mineBlock.minecraft.dirt":5,"stat.killEntity.Pig":4,"stat.craftItem.minecraft.iron_sword":1,"stat.walkOneCm":215728,"stat.playerKills":7,"stat.pickup.minecraft.stick":4,"stat.mineBlock.iceandfire.silver_ore":3,"stat.drop.minecraft.rotten_flesh":3,"stat.useItem.minecraft.cobblestone":57,"stat.craftItem.minecraft.crafting_table":2,"stat.useItem.minecraft.gravel":10,"stat.mineBlock.minecraft.double_plant":5,"stat.pickup.minecraft.log":29,"stat.useItem.tombstone.gift":1,"stat.pickup.minecraft.stone":14,"stat.craftItem.minecraft.iron_chestplate":1,"stat.pickup.minecraft.chicken":2,"stat.killEntity.Skeleton":3,"stat.useItem.minecraft.iron_sword":51,"stat.craftItem.minecraft.planks":52,"stat.killEntity.Chicken":2,"stat.killEntity.Spider":2,"stat.mobKills":36,"stat.mineBlock.minecraft.log":14,"stat.pickup.mowziesmobs.barakoa_mask_bliss":1,"stat.mineBlock.minecraft.leaves":7,"stat.pickup.minecraft.red_flower":4,"stat.sneakTime":4893,"stat.pickup.minecraft.wool":2,"stat.mineBlock.minecraft.stone":156}