{"stat.leaveGame":4,"stat.mineBlock.minecraft.cobblestone":2,"stat.mineBlock.minecraft.sandstone":10,"stat.useItem.minecraft.mutton":8,"stat.swimOneCm":11254,"stat.craftItem.minecraft.shield":1,"stat.useItem.minecraft.dirt":1,"stat.useItem.minecraft.stone_slab2":16,"stat.pickup.minecraft.rotten_flesh":3,"silex.kill":2,"stat.pickup.minecraft.sand":7,"stat.craftItem.minecraft.furnace":3,"stat.useItem.minecraft.iron_ore":1,"stat.craftItem.minecraft.stone_pickaxe":2,"stat.pickup.minecraft.cobblestone":73,"stat.flyOneCm":200852,"stat.pickup.minecraft.sandstone":9,"stat.mineBlock.minecraft.sand":7,"stat.drop.minecraft.wheat_seeds":1,"stat.mineBlock.minecraft.iron_ore":20,"stat.timeSinceDeath":65354,"stat.craftItem.minecraft.wooden_pickaxe":1,"stat.pickup.minecraft.mutton":18,"stat.furnaceInteraction":41,"stat.mineBlock.minecraft.coal_ore":45,"stat.pickup.minecraft.beef":6,"stat.useItem.minecraft.cooked_mutton":6,"stat.pickup.minecraft.furnace":3,"stat.craftItem.minecraft.stone_slab2":0,"stat.sprintOneCm":115941,"stat.craftItem.minecraft.stick":12,"stat.mineBlock.minecraft.crafting_table":2,"stat.useItem.minecraft.beef":4,"stat.useItem.lycanitesmobs.cooked_silex_meat":1,"stat.deaths":1,"stat.drop":3,"stat.playOneMinute":72272,"stat.killEntity.Sheep":11,"stat.drop.tombstone.grave_key":2,"stat.pickup.tombstone.grave_key":1,"stat.craftItem.minecraft.iron_pickaxe":1,"stat.killEntity.Zombie":2,"stat.mineBlock.minecraft.tallgrass":27,"stat.craftItem.minecraft.cooked_mutton":9,"stat.diveOneCm":23370,"stat.pickup.minecraft.gravel":5,"stat.jump":1300,"stat.useItem.minecraft.sand":6,"stat.pickup.minecraft.coal":45,"stat.fallOneCm":40917,"stat.crouchOneCm":7730,"stat.craftItem.minecraft.torch":4,"stat.craftItem.minecraft.iron_ingot":22,"stat.pickup.minecraft.dirt":4,"stat.craftingTableInteraction":24,"stat.pickup.minecraft.iron_ore":23,"stat.useItem.minecraft.sapling":2,"stat.damageTaken":678,"stat.pickup.minecraft.leather":4,"stat.mineBlock.minecraft.torch":1,"stat.mineBlock.minecraft.furnace":3,"stat.useItem.minecraft.wooden_pickaxe":3,"stat.pickup.minecraft.dye":5,"stat.pickup.minecraft.reeds":8,"tombstone:undead_killed":3,"stat.pickup.minecraft.wheat_seeds":1,"stat.pickup.minecraft.potato":1,"stat.mineBlock.minecraft.gravel":5,"stat.useItem.minecraft.stone_pickaxe":182,"stat.craftItem.minecraft.iron_leggings":1,"stat.damageDealt":2230,"stat.killEntity.Rabbit":1,"stat.useItem.lycanitesmobs.raw_silex_meat":1,"stat.useItem.minecraft.wool":1,"stat.killEntity.Cow":3,"stat.mineBlock.minecraft.dirt":4,"stat.pickup.lycanitesmobs.raw_silex_meat":2,"geonach.kill":1,"stat.walkOneCm":55186,"stat.useItem.minecraft.torch":4,"stat.pickup.minecraft.crafting_table":2,"stat.useItem.minecraft.cobblestone":31,"stat.craftItem.minecraft.crafting_table":1,"stat.mineBlock.minecraft.double_plant":5,"stat.pickup.minecraft.rabbit_foot":1,"stat.pickup.minecraft.log":10,"stat.pickup.minecraft.stone":6,"stat.craftItem.minecraft.iron_chestplate":1,"stat.mineBlock.minecraft.wool":1,"stat.craftItem.lycanitesmobs.cooked_silex_meat":1,"stat.pickup.minecraft.sapling":3,"stat.killEntity.Skeleton":1,"stat.craftItem.minecraft.bucket":1,"stat.craftItem.minecraft.planks":40,"stat.mobKills":22,"stat.mineBlock.minecraft.log":10,"stat.pickup.minecraft.quartz":4,"stat.mineBlock.minecraft.leaves":3,"stat.pickup.minecraft.torch":1,"stat.sneakTime":3371,"stat.pickup.minecraft.wool":12,"stat.mineBlock.minecraft.stone":54,"stat.useItem.minecraft.sandstone":8}