{"stat.leaveGame":3,"stat.mineBlock.minecraft.cobblestone":1,"stat.mineBlock.minecraft.sandstone":10,"stat.useItem.minecraft.mutton":8,"stat.swimOneCm":8163,"stat.useItem.minecraft.dirt":1,"stat.useItem.minecraft.stone_slab2":15,"stat.pickup.minecraft.rotten_flesh":2,"silex.kill":1,"stat.pickup.minecraft.sand":7,"stat.craftItem.minecraft.furnace":3,"stat.useItem.minecraft.iron_ore":1,"stat.craftItem.minecraft.stone_pickaxe":2,"stat.pickup.minecraft.cobblestone":73,"stat.flyOneCm":159385,"stat.pickup.minecraft.sandstone":9,"stat.mineBlock.minecraft.sand":7,"stat.mineBlock.minecraft.iron_ore":20,"stat.timeSinceDeath":54452,"stat.craftItem.minecraft.wooden_pickaxe":1,"stat.pickup.minecraft.mutton":17,"stat.furnaceInteraction":39,"stat.mineBlock.minecraft.coal_ore":41,"stat.pickup.minecraft.beef":6,"stat.useItem.minecraft.cooked_mutton":3,"stat.craftItem.minecraft.stone_slab2":0,"stat.sprintOneCm":93382,"stat.craftItem.minecraft.stick":8,"stat.mineBlock.minecraft.crafting_table":1,"stat.useItem.minecraft.beef":3,"stat.deaths":1,"stat.drop":2,"stat.playOneMinute":61370,"stat.killEntity.Sheep":11,"stat.drop.tombstone.grave_key":2,"stat.pickup.tombstone.grave_key":1,"stat.mineBlock.minecraft.tallgrass":23,"stat.craftItem.minecraft.cooked_mutton":9,"stat.diveOneCm":7953,"stat.pickup.minecraft.gravel":5,"stat.jump":1032,"stat.useItem.minecraft.sand":6,"stat.pickup.minecraft.coal":41,"stat.fallOneCm":31650,"stat.crouchOneCm":6855,"stat.craftItem.minecraft.torch":4,"stat.craftItem.minecraft.iron_ingot":22,"stat.pickup.minecraft.dirt":4,"stat.craftingTableInteraction":20,"stat.pickup.minecraft.iron_ore":23,"stat.useItem.minecraft.sapling":2,"stat.damageTaken":557,"stat.pickup.minecraft.leather":4,"stat.mineBlock.minecraft.torch":1,"stat.useItem.minecraft.wooden_pickaxe":3,"stat.pickup.minecraft.dye":2,"stat.pickup.minecraft.reeds":8,"tombstone:undead_killed":1,"stat.mineBlock.minecraft.gravel":5,"stat.useItem.minecraft.stone_pickaxe":160,"stat.damageDealt":1809,"stat.killEntity.Rabbit":1,"stat.useItem.minecraft.wool":1,"stat.killEntity.Cow":3,"stat.mineBlock.minecraft.dirt":4,"stat.pickup.lycanitesmobs.raw_silex_meat":1,"geonach.kill":1,"stat.walkOneCm":44174,"stat.useItem.minecraft.torch":4,"stat.pickup.minecraft.crafting_table":1,"stat.useItem.minecraft.cobblestone":31,"stat.craftItem.minecraft.crafting_table":1,"stat.mineBlock.minecraft.double_plant":5,"stat.pickup.minecraft.rabbit_foot":1,"stat.pickup.minecraft.log":10,"stat.pickup.minecraft.stone":6,"stat.mineBlock.minecraft.wool":1,"stat.pickup.minecraft.sapling":3,"stat.killEntity.Skeleton":1,"stat.craftItem.minecraft.bucket":1,"stat.craftItem.minecraft.planks":40,"stat.mobKills":19,"stat.mineBlock.minecraft.log":10,"stat.pickup.minecraft.quartz":4,"stat.mineBlock.minecraft.leaves":3,"stat.pickup.minecraft.torch":1,"stat.sneakTime":3038,"stat.pickup.minecraft.wool":11,"stat.mineBlock.minecraft.stone":54,"stat.useItem.minecraft.sandstone":8}