{"stat.pickup.minecraft.bone":2,"stat.leaveGame":7,"stat.mineBlock.minecraft.cobblestone":7,"stat.entityKilledBy.Witch":1,"stat.useItem.minecraft.mutton":4,"stat.swimOneCm":27536,"stat.useItem.minecraft.planks":30,"stat.pickup.minecraft.porkchop":8,"stat.useItem.minecraft.dirt":12,"stat.useItem.minecraft.stone_slab2":18,"stat.mineBlock.minecraft.red_mushroom":1,"stat.pickup.minecraft.rotten_flesh":17,"stat.pickup.minecraft.sand":2,"stat.craftItem.minecraft.furnace":1,"stat.useItem.minecraft.egg":3,"stat.craftItem.minecraft.iron_boots":1,"stat.craftItem.minecraft.stone_pickaxe":1,"stat.killEntity.Enderman":1,"stat.pickup.minecraft.cobblestone":134,"stat.craftItem.minecraft.stone_sword":1,"stat.flyOneCm":311857,"stat.pickup.minecraft.glass_bottle":1,"stat.pickup.mowziesmobs.barakoa_mask_misery":1,"stat.mineBlock.minecraft.sand":2,"tombstone:villager_killed":2,"stat.killEntity.Witch":1,"stat.drop.minecraft.wheat_seeds":12,"stat.killEntity.Villager":2,"stat.pickup.minecraft.redstone":1,"stat.mineBlock.minecraft.iron_ore":67,"stat.timeSinceDeath":7840,"stat.useItem.minecraft.iron_pickaxe":153,"stat.craftItem.minecraft.wooden_pickaxe":1,"stat.pickup.minecraft.mutton":3,"stat.furnaceInteraction":8,"tombstone:tomb_raiding":2,"stat.mineBlock.minecraft.coal_ore":25,"stat.killEntity.Creeper":1,"stat.pickup.minecraft.string":1,"stat.pickup.tombstone.crafting_ingredient":1,"stat.entityKilledBy.Skeleton":1,"stat.craftItem.minecraft.stone_slab2":0,"stat.sprintOneCm":284792,"stat.craftItem.minecraft.stick":8,"stat.pickup.tombstone.magic_scroll":1,"stat.killEntity.Horse":1,"stat.mineBlock.minecraft.crafting_table":1,"stat.useItem.minecraft.carrot":19,"stat.deaths":14,"stat.mineBlock.minecraft.planks":2,"stat.drop":9,"stat.pickup.minecraft.egg":3,"stat.playOneMinute":96562,"stat.killEntity.Sheep":2,"stat.craftItem.minecraft.iron_pickaxe":1,"stat.pickup.minecraft.slime_ball":1,"stat.killEntity.Zombie":7,"stat.mineBlock.minecraft.gold_ore":3,"stat.mineBlock.minecraft.tallgrass":89,"stat.diveOneCm":10508,"stat.chestOpened":1,"stat.pickup.minecraft.gravel":17,"stat.pickup.minecraft.arrow":4,"stat.useItem.minecraft.chicken":1,"stat.useItem.minecraft.porkchop":4,"stat.jump":1624,"stat.pickup.minecraft.coal":23,"stat.fallOneCm":27448,"stat.drop.minecraft.dye":6,"stat.drop.minecraft.stone_sword":1,"stat.pickup.minecraft.gunpowder":2,"stat.crouchOneCm":12521,"stat.pickup.minecraft.spider_eye":2,"stat.craftItem.minecraft.iron_ingot":59,"stat.pickup.minecraft.dirt":10,"stat.craftItem.minecraft.iron_helmet":1,"stat.pickup.minecraft.red_mushroom":1,"stat.craftingTableInteraction":10,"stat.pickup.minecraft.iron_ore":65,"stat.pickup.iceandfire.silver_ore":3,"stat.pickup.minecraft.gold_ore":3,"stat.mineBlock.minecraft.lapis_ore":4,"stat.mineBlock.minecraft.glass_pane":2,"stat.mineBlock.minecraft.leaves2":1,"stat.damageTaken":3902,"stat.pickup.minecraft.feather":3,"stat.pickup.minecraft.leather":2,"stat.mineBlock.minecraft.red_flower":2,"stat.mineBlock.minecraft.furnace":1,"stat.useItem.minecraft.wooden_pickaxe":3,"stat.pickup.minecraft.dye":28,"stat.pickup.minecraft.planks":5,"tombstone:undead_killed":10,"stat.pickup.minecraft.wheat_seeds":34,"stat.entityKilledBy.Zombie":2,"stat.mineBlock.minecraft.gravel":14,"stat.useItem.minecraft.stone_pickaxe":105,"stat.useItem.minecraft.stone_sword":117,"stat.craftItem.minecraft.iron_leggings":1,"stat.damageDealt":7125,"stat.useItem.minecraft.wool":2,"stat.mineBlock.minecraft.dirt":4,"stat.killEntity.Pig":4,"stat.craftItem.minecraft.iron_sword":1,"stat.walkOneCm":175808,"stat.playerKills":6,"stat.pickup.minecraft.stick":4,"stat.mineBlock.iceandfire.silver_ore":3,"stat.drop.minecraft.rotten_flesh":3,"stat.useItem.minecraft.cobblestone":43,"stat.craftItem.minecraft.crafting_table":2,"stat.useItem.minecraft.gravel":10,"stat.mineBlock.minecraft.double_plant":5,"stat.pickup.minecraft.log":27,"stat.useItem.tombstone.gift":1,"stat.pickup.minecraft.stone":14,"stat.craftItem.minecraft.iron_chestplate":1,"stat.pickup.minecraft.chicken":1,"stat.killEntity.Skeleton":3,"stat.useItem.minecraft.iron_sword":27,"stat.craftItem.minecraft.planks":44,"stat.killEntity.Chicken":1,"stat.killEntity.Spider":2,"stat.mobKills":31,"stat.mineBlock.minecraft.log":11,"stat.pickup.mowziesmobs.barakoa_mask_bliss":1,"stat.mineBlock.minecraft.leaves":3,"stat.pickup.minecraft.red_flower":4,"stat.sneakTime":4572,"stat.pickup.minecraft.wool":2,"stat.mineBlock.minecraft.stone":148}