{"stat.pickup.minecraft.bone":4,"stat.mineBlock.iceandfire.chared_grass":1,"stat.leaveGame":5,"stat.mineBlock.minecraft.cobblestone":2,"stat.pickup.iceandfire.deathworm_chitin":2,"stat.mineBlock.minecraft.sandstone":10,"stat.useItem.minecraft.mutton":9,"stat.swimOneCm":25090,"stat.craftItem.minecraft.shield":1,"stat.pickup.minecraft.cooked_porkchop":1,"stat.drop.iceandfire.deathworm_chitin":1,"stat.useItem.minecraft.dirt":13,"stat.useItem.minecraft.stone_slab2":22,"stat.useItem.minecraft.water_bucket":9,"stat.pickup.minecraft.rotten_flesh":5,"silex.kill":2,"stat.killEntity.deathworm":1,"stat.pickup.minecraft.sand":7,"stat.craftItem.minecraft.furnace":3,"stat.useItem.minecraft.iron_ore":1,"stat.craftItem.minecraft.stone_pickaxe":2,"stat.pickup.minecraft.cobblestone":100,"eechetik.kill":1,"stat.craftItem.minecraft.stone_sword":1,"stat.flyOneCm":525438,"stat.pickup.minecraft.sandstone":9,"stat.entityKilledBy.firedragon":1,"stat.pickup.minecraft.brown_mushroom":1,"stat.mineBlock.minecraft.sand":7,"stat.pickup.iceandfire.ash":3,"stat.drop.minecraft.wheat_seeds":2,"stat.mineBlock.minecraft.iron_ore":20,"stat.timeSinceDeath":4697,"stat.useItem.minecraft.iron_pickaxe":16,"stat.craftItem.minecraft.wooden_pickaxe":1,"stat.pickup.minecraft.mutton":23,"stat.furnaceInteraction":42,"stat.useItem.minecraft.cooked_porkchop":9,"stat.killEntity.ZombieVillager":1,"stat.useItem.lycanitesmobs.bucketpoison":1,"stat.mineBlock.minecraft.coal_ore":48,"stat.drop.minecraft.red_flower":1,"stat.pickup.minecraft.beef":6,"stat.useItem.minecraft.cooked_mutton":7,"stat.pickup.minecraft.furnace":3,"stat.craftItem.minecraft.stone_slab2":0,"stat.pickup.lycanitesmobs.raw_arisaur_meat":1,"stat.sprintOneCm":277951,"stat.craftItem.minecraft.stick":12,"stat.useItem.minecraft.snowball":1,"stat.mineBlock.minecraft.crafting_table":2,"stat.killEntity.Husk":1,"stat.useItem.minecraft.beef":6,"stat.useItem.lycanitesmobs.cooked_silex_meat":1,"jabberwock.kill":1,"stat.deaths":12,"stat.drop":9,"stat.playOneMinute":113918,"stat.killEntity.Sheep":14,"stat.drop.tombstone.grave_key":2,"stat.pickup.tombstone.grave_key":1,"stat.craftItem.minecraft.iron_pickaxe":1,"stat.pickup.minecraft.slime_ball":2,"stat.killEntity.Zombie":2,"stat.pickup.minecraft.snowball":1,"stat.mineBlock.minecraft.tallgrass":54,"stat.craftItem.minecraft.cooked_mutton":9,"stat.diveOneCm":41824,"stat.pickup.minecraft.gravel":5,"stat.drop.lycanitesmobs.raw_arisaur_meat":1,"stat.jump":2734,"stat.useItem.minecraft.sand":6,"stat.pickup.minecraft.coal":48,"stat.fallOneCm":82410,"stat.crouchOneCm":9596,"stat.craftItem.minecraft.torch":4,"stat.craftItem.minecraft.iron_ingot":22,"stat.pickup.minecraft.dirt":19,"stat.pickup.minecraft.red_mushroom":3,"stat.craftingTableInteraction":28,"stat.pickup.minecraft.iron_ore":23,"stat.useItem.minecraft.sapling":2,"stat.damageTaken":4536,"stat.pickup.minecraft.leather":8,"stat.mineBlock.minecraft.torch":1,"stat.mineBlock.minecraft.furnace":3,"stat.mineBlock.minecraft.red_flower":3,"stat.useItem.minecraft.wooden_pickaxe":3,"stat.useItem.minecraft.furnace":1,"stat.mineBlock.minecraft.mycelium":2,"stat.pickup.minecraft.dye":5,"stat.pickup.minecraft.reeds":11,"tombstone:undead_killed":5,"stat.pickup.minecraft.wheat_seeds":8,"stat.pickup.minecraft.potato":1,"stat.mineBlock.minecraft.gravel":5,"stat.useItem.minecraft.stone_pickaxe":200,"stat.craftItem.minecraft.iron_leggings":1,"stat.useItem.minecraft.stone_sword":70,"stat.damageDealt":5492,"stat.killEntity.Rabbit":1,"stat.pickup.iceandfire.chared_grass":1,"stat.useItem.lycanitesmobs.raw_silex_meat":1,"stat.useItem.minecraft.wool":1,"stat.killEntity.Cow":3,"stat.mineBlock.minecraft.dirt":22,"arisaur.kill":2,"stat.pickup.lycanitesmobs.raw_silex_meat":2,"geonach.kill":1,"stat.walkOneCm":108155,"stat.useItem.minecraft.torch":4,"stat.drop.tombstone.crafting_ingredient":1,"stat.drop.minecraft.rotten_flesh":4,"stat.pickup.minecraft.crafting_table":2,"stat.useItem.minecraft.cobblestone":59,"stat.craftItem.minecraft.crafting_table":1,"stat.pickup.lycanitesmobs.embercharge":11,"stat.mineBlock.minecraft.double_plant":8,"stat.pickup.minecraft.rabbit_foot":1,"stat.pickup.minecraft.log":10,"stat.useItem.tombstone.gift":2,"stat.pickup.minecraft.stone":6,"stat.craftItem.minecraft.iron_chestplate":1,"stat.mineBlock.minecraft.wool":1,"stat.craftItem.lycanitesmobs.cooked_silex_meat":1,"stat.pickup.minecraft.sapling":3,"stat.killEntity.Skeleton":1,"stat.craftItem.minecraft.bucket":1,"stat.craftItem.minecraft.planks":40,"stat.mobKills":37,"stat.mineBlock.minecraft.log":10,"stat.pickup.minecraft.quartz":4,"cinder.kill":5,"stat.mineBlock.minecraft.leaves":3,"stat.pickup.minecraft.torch":1,"stat.pickup.minecraft.red_flower":3,"stat.sneakTime":5839,"stat.pickup.minecraft.wool":16,"stat.mineBlock.minecraft.stone":81,"stat.useItem.minecraft.sandstone":8}