{"stat.pickup.minecraft.bone":2,"stat.leaveGame":7,"stat.mineBlock.minecraft.cobblestone":7,"stat.entityKilledBy.Witch":1,"stat.useItem.minecraft.mutton":4,"stat.swimOneCm":21995,"stat.useItem.minecraft.planks":17,"stat.pickup.minecraft.porkchop":8,"stat.useItem.minecraft.dirt":12,"stat.useItem.minecraft.stone_slab2":18,"stat.mineBlock.minecraft.red_mushroom":1,"stat.pickup.minecraft.rotten_flesh":12,"stat.pickup.minecraft.sand":2,"stat.craftItem.minecraft.furnace":1,"stat.useItem.minecraft.egg":3,"stat.craftItem.minecraft.stone_pickaxe":1,"stat.killEntity.Enderman":1,"stat.pickup.minecraft.cobblestone":25,"stat.craftItem.minecraft.stone_sword":1,"stat.flyOneCm":239310,"stat.pickup.minecraft.glass_bottle":1,"stat.pickup.mowziesmobs.barakoa_mask_misery":1,"stat.mineBlock.minecraft.sand":2,"tombstone:villager_killed":2,"stat.killEntity.Witch":1,"stat.drop.minecraft.wheat_seeds":12,"stat.killEntity.Villager":2,"stat.mineBlock.minecraft.iron_ore":51,"stat.timeSinceDeath":12739,"stat.craftItem.minecraft.wooden_pickaxe":1,"stat.pickup.minecraft.mutton":3,"stat.furnaceInteraction":1,"tombstone:tomb_raiding":2,"stat.mineBlock.minecraft.coal_ore":10,"stat.killEntity.Creeper":1,"stat.pickup.tombstone.crafting_ingredient":1,"stat.entityKilledBy.Skeleton":1,"stat.sprintOneCm":190953,"stat.craftItem.minecraft.stick":8,"stat.pickup.tombstone.magic_scroll":1,"stat.killEntity.Horse":1,"stat.useItem.minecraft.carrot":2,"stat.deaths":10,"stat.mineBlock.minecraft.planks":2,"stat.drop":5,"stat.pickup.minecraft.egg":3,"stat.playOneMinute":61718,"stat.killEntity.Sheep":2,"stat.killEntity.Zombie":5,"stat.mineBlock.minecraft.tallgrass":72,"stat.diveOneCm":10046,"stat.chestOpened":1,"stat.pickup.minecraft.gravel":17,"stat.pickup.minecraft.arrow":3,"stat.useItem.minecraft.chicken":1,"stat.useItem.minecraft.porkchop":4,"stat.jump":1217,"stat.pickup.minecraft.coal":8,"stat.fallOneCm":21123,"stat.drop.minecraft.dye":6,"stat.pickup.minecraft.gunpowder":2,"stat.crouchOneCm":8213,"stat.pickup.minecraft.dirt":8,"stat.pickup.minecraft.red_mushroom":1,"stat.craftingTableInteraction":4,"stat.pickup.minecraft.iron_ore":50,"stat.mineBlock.minecraft.lapis_ore":4,"stat.mineBlock.minecraft.glass_pane":2,"stat.mineBlock.minecraft.leaves2":1,"stat.damageTaken":2271,"stat.pickup.minecraft.feather":3,"stat.pickup.minecraft.leather":2,"stat.mineBlock.minecraft.red_flower":1,"stat.useItem.minecraft.wooden_pickaxe":3,"stat.pickup.minecraft.dye":28,"stat.pickup.minecraft.planks":5,"tombstone:undead_killed":7,"stat.pickup.minecraft.wheat_seeds":34,"stat.entityKilledBy.Zombie":2,"stat.mineBlock.minecraft.gravel":14,"stat.useItem.minecraft.stone_pickaxe":94,"stat.useItem.minecraft.stone_sword":117,"stat.damageDealt":5384,"stat.useItem.minecraft.wool":2,"stat.mineBlock.minecraft.dirt":4,"stat.killEntity.Pig":4,"stat.walkOneCm":98015,"stat.playerKills":4,"stat.pickup.minecraft.stick":4,"stat.useItem.minecraft.cobblestone":6,"stat.craftItem.minecraft.crafting_table":2,"stat.useItem.minecraft.gravel":10,"stat.mineBlock.minecraft.double_plant":5,"stat.pickup.minecraft.log":27,"stat.useItem.tombstone.gift":1,"stat.pickup.minecraft.stone":5,"stat.pickup.minecraft.chicken":1,"stat.killEntity.Skeleton":2,"stat.useItem.minecraft.iron_sword":2,"stat.craftItem.minecraft.planks":44,"stat.killEntity.Chicken":1,"stat.killEntity.Spider":1,"stat.mobKills":23,"stat.mineBlock.minecraft.log":11,"stat.pickup.mowziesmobs.barakoa_mask_bliss":1,"stat.mineBlock.minecraft.leaves":3,"stat.pickup.minecraft.red_flower":3,"stat.sneakTime":3082,"stat.pickup.minecraft.wool":2,"stat.mineBlock.minecraft.stone":25}