{"stat.leaveGame":3,"stat.mineBlock.minecraft.yellow_flower":2,"stat.entityKilledBy.Witch":1,"stat.useItem.minecraft.mutton":4,"stat.swimOneCm":36181,"stat.useItem.minecraft.planks":3,"stat.pickup.minecraft.porkchop":9,"stat.useItem.minecraft.dirt":7,"stat.useItem.minecraft.stone_slab2":13,"stat.pickup.minecraft.rotten_flesh":7,"stat.pickup.minecraft.cobblestone":6,"stat.flyOneCm":248365,"tombstone:villager_killed":1,"stat.killEntity.Witch":1,"stat.killEntity.Villager":1,"stat.timeSinceDeath":148,"stat.pickup.iceandfire.silver_ingot":1,"stat.craftItem.minecraft.wooden_pickaxe":1,"stat.pickup.minecraft.mutton":5,"tombstone:tomb_raiding":3,"stat.killEntity.Creeper":2,"stat.pickup.minecraft.wooden_sword":1,"stat.pickup.minecraft.beef":2,"stat.pickup.tombstone.crafting_ingredient":2,"stat.entityKilledBy.Skeleton":1,"stat.killEntity.Squid":1,"stat.sprintOneCm":142878,"stat.craftItem.minecraft.stick":12,"stat.craftItem.minecraft.wooden_axe":1,"stat.killEntity.Horse":2,"stat.useItem.minecraft.carrot":15,"stat.deaths":8,"stat.mineBlock.minecraft.planks":3,"stat.playOneMinute":47763,"stat.useItem.minecraft.wooden_sword":56,"stat.killEntity.Sheep":3,"stat.killEntity.Zombie":3,"stat.mineBlock.minecraft.tallgrass":24,"stat.diveOneCm":18430,"stat.pickup.minecraft.wheat":18,"stat.chestOpened":1,"stat.useItem.minecraft.apple":2,"stat.useItem.minecraft.porkchop":6,"stat.useItem.minecraft.rotten_flesh":1,"stat.jump":1123,"stat.fallOneCm":17807,"stat.pickup.minecraft.carrot":84,"stat.pickup.minecraft.gunpowder":2,"stat.crouchOneCm":40834,"stat.pickup.minecraft.spider_eye":1,"stat.pickup.minecraft.dirt":11,"stat.craftingTableInteraction":5,"stat.pickup.minecraft.iron_ore":1,"tombstone:sneak_grave":1,"stat.mineBlock.minecraft.leaves2":1,"stat.mineBlock.minecraft.log2":7,"stat.damageTaken":2330,"stat.pickup.minecraft.leather":3,"stat.useItem.minecraft.wooden_pickaxe":5,"stat.craftItem.minecraft.wooden_sword":1,"stat.pickup.minecraft.log2":7,"stat.pickup.minecraft.dye":3,"stat.pickup.minecraft.planks":14,"tombstone:undead_killed":3,"stat.pickup.minecraft.wheat_seeds":163,"stat.mineBlock.minecraft.gravel":2,"stat.damageDealt":3608,"stat.useItem.minecraft.wool":1,"stat.killEntity.Cow":1,"stat.mineBlock.minecraft.dirt":11,"stat.killEntity.Pig":3,"stat.walkOneCm":138252,"stat.playerKills":5,"stat.craftItem.minecraft.crafting_table":3,"stat.mineBlock.minecraft.double_plant":4,"stat.pickup.minecraft.log":7,"stat.useItem.tombstone.gift":1,"stat.pickup.minecraft.sapling":5,"stat.pickup.minecraft.apple":2,"stat.pickup.minecraft.beetroot":24,"stat.craftItem.minecraft.planks":56,"stat.killEntity.Spider":1,"stat.mobKills":19,"stat.pickup.minecraft.book":42,"stat.mineBlock.minecraft.log":7,"stat.mineBlock.minecraft.bookshelf":7,"stat.pickup.mowziesmobs.barakoa_mask_bliss":1,"stat.mineBlock.minecraft.leaves":2,"stat.pickup.minecraft.beetroot_seeds":102,"stat.pickup.minecraft.red_flower":2,"stat.sneakTime":6265,"stat.pickup.minecraft.wool":3,"stat.useItem.minecraft.wooden_axe":71,"stat.pickup.minecraft.yellow_flower":2,"stat.mineBlock.minecraft.stone":4,"stat.useItem.minecraft.beetroot":9}