{"stat.leaveGame":3,"stat.mineBlock.minecraft.yellow_flower":2,"stat.entityKilledBy.Witch":1,"stat.useItem.minecraft.mutton":4,"stat.swimOneCm":37366,"stat.useItem.minecraft.planks":3,"stat.pickup.minecraft.porkchop":9,"stat.useItem.minecraft.dirt":11,"stat.useItem.minecraft.stone_slab2":16,"stat.pickup.minecraft.rotten_flesh":7,"stat.craftItem.minecraft.stone_pickaxe":1,"stat.pickup.minecraft.cobblestone":29,"stat.craftItem.minecraft.stone_sword":1,"stat.flyOneCm":275536,"tombstone:villager_killed":1,"stat.killEntity.Witch":1,"stat.killEntity.Villager":1,"stat.mineBlock.minecraft.iron_ore":15,"stat.timeSinceDeath":10842,"stat.pickup.iceandfire.silver_ingot":1,"stat.craftItem.minecraft.wooden_pickaxe":1,"stat.pickup.minecraft.mutton":5,"tombstone:tomb_raiding":3,"stat.mineBlock.minecraft.coal_ore":1,"stat.killEntity.Creeper":2,"stat.pickup.minecraft.wooden_sword":1,"stat.pickup.minecraft.beef":2,"stat.pickup.tombstone.crafting_ingredient":2,"stat.entityKilledBy.Skeleton":1,"stat.killEntity.Squid":1,"stat.sprintOneCm":157129,"stat.craftItem.minecraft.stick":16,"stat.craftItem.minecraft.wooden_axe":1,"stat.killEntity.Horse":2,"stat.useItem.minecraft.carrot":16,"stat.deaths":9,"stat.mineBlock.minecraft.planks":3,"stat.playOneMinute":59463,"stat.useItem.minecraft.wooden_sword":56,"stat.killEntity.Sheep":3,"stat.killEntity.Zombie":3,"stat.mineBlock.minecraft.tallgrass":24,"stat.diveOneCm":18430,"stat.pickup.minecraft.wheat":18,"stat.chestOpened":1,"stat.useItem.minecraft.apple":2,"stat.useItem.minecraft.porkchop":6,"stat.useItem.minecraft.rotten_flesh":1,"stat.jump":1248,"stat.pickup.minecraft.coal":1,"stat.fallOneCm":20689,"stat.pickup.minecraft.carrot":84,"stat.pickup.minecraft.gunpowder":2,"stat.crouchOneCm":50705,"stat.pickup.minecraft.spider_eye":1,"stat.pickup.minecraft.dirt":18,"stat.craftingTableInteraction":9,"stat.pickup.minecraft.iron_ore":16,"tombstone:sneak_grave":1,"stat.mineBlock.minecraft.leaves2":1,"stat.mineBlock.minecraft.log2":7,"stat.damageTaken":2630,"stat.pickup.minecraft.leather":3,"stat.useItem.minecraft.wooden_pickaxe":8,"stat.craftItem.minecraft.wooden_sword":1,"stat.pickup.minecraft.log2":7,"stat.pickup.minecraft.dye":3,"stat.pickup.minecraft.planks":14,"tombstone:undead_killed":3,"stat.pickup.minecraft.wheat_seeds":164,"stat.mineBlock.minecraft.gravel":2,"stat.useItem.minecraft.stone_pickaxe":41,"stat.damageDealt":3608,"stat.useItem.minecraft.wool":1,"stat.killEntity.Cow":1,"stat.mineBlock.minecraft.dirt":18,"stat.killEntity.Pig":3,"stat.walkOneCm":159750,"stat.playerKills":7,"stat.craftItem.minecraft.crafting_table":4,"stat.mineBlock.minecraft.double_plant":4,"stat.pickup.minecraft.log":7,"stat.useItem.tombstone.gift":1,"stat.pickup.minecraft.sapling":5,"stat.pickup.minecraft.apple":2,"stat.pickup.minecraft.beetroot":24,"stat.craftItem.minecraft.planks":56,"stat.killEntity.Spider":1,"stat.mobKills":19,"stat.pickup.minecraft.book":42,"stat.mineBlock.minecraft.log":7,"stat.mineBlock.minecraft.bookshelf":7,"stat.pickup.mowziesmobs.barakoa_mask_bliss":1,"stat.mineBlock.minecraft.leaves":2,"stat.pickup.minecraft.beetroot_seeds":102,"stat.pickup.minecraft.red_flower":2,"stat.sneakTime":8102,"stat.pickup.minecraft.wool":3,"stat.useItem.minecraft.wooden_axe":71,"stat.pickup.minecraft.yellow_flower":2,"stat.mineBlock.minecraft.stone":27,"stat.useItem.minecraft.beetroot":9}