{"stat.useItem.minecraft.iron_axe":1,"stat.leaveGame":3,"stat.pickup.minecraft.flint":1,"stat.mineBlock.minecraft.yellow_flower":2,"stat.entityKilledBy.Witch":1,"stat.craftItem.minecraft.iron_axe":1,"stat.useItem.minecraft.mutton":4,"stat.swimOneCm":41649,"stat.useItem.minecraft.planks":3,"stat.craftItem.minecraft.shield":1,"stat.pickup.minecraft.porkchop":9,"stat.useItem.minecraft.dirt":15,"stat.useItem.minecraft.stone_slab2":18,"stat.pickup.minecraft.rotten_flesh":8,"stat.craftItem.minecraft.furnace":2,"stat.craftItem.minecraft.iron_boots":1,"stat.useItem.minecraft.iron_ore":1,"stat.craftItem.minecraft.stone_pickaxe":1,"stat.pickup.minecraft.cobblestone":73,"stat.craftItem.minecraft.stone_sword":1,"stat.flyOneCm":290105,"tombstone:villager_killed":1,"stat.killEntity.Witch":1,"stat.killEntity.Villager":1,"stat.mineBlock.minecraft.iron_ore":31,"stat.timeSinceDeath":23442,"stat.pickup.iceandfire.silver_ingot":1,"stat.useItem.minecraft.iron_pickaxe":51,"stat.craftItem.minecraft.wooden_pickaxe":1,"stat.pickup.minecraft.mutton":5,"stat.furnaceInteraction":29,"tombstone:tomb_raiding":3,"stat.mineBlock.minecraft.coal_ore":22,"stat.killEntity.Creeper":2,"stat.pickup.minecraft.wooden_sword":1,"stat.pickup.minecraft.string":3,"stat.pickup.minecraft.beef":2,"stat.pickup.minecraft.furnace":4,"stat.pickup.tombstone.crafting_ingredient":2,"stat.entityKilledBy.Skeleton":1,"stat.craftItem.minecraft.stone_slab2":0,"stat.killEntity.Squid":1,"stat.sprintOneCm":164959,"stat.craftItem.minecraft.stick":20,"stat.craftItem.minecraft.wooden_axe":1,"stat.killEntity.Horse":2,"stat.mineBlock.minecraft.crafting_table":1,"stat.useItem.minecraft.carrot":21,"stat.useItem.minecraft.bucket":1,"stat.deaths":9,"stat.mineBlock.minecraft.planks":3,"stat.drop":1,"stat.playOneMinute":72063,"stat.useItem.minecraft.wooden_sword":56,"stat.killEntity.Sheep":3,"stat.craftItem.minecraft.iron_pickaxe":1,"stat.killEntity.Zombie":5,"stat.mineBlock.minecraft.tallgrass":24,"stat.diveOneCm":24298,"stat.pickup.minecraft.wheat":18,"stat.chestOpened":1,"stat.pickup.minecraft.gravel":4,"stat.useItem.minecraft.apple":2,"stat.useItem.minecraft.porkchop":6,"stat.useItem.minecraft.rotten_flesh":1,"stat.jump":1425,"stat.pickup.minecraft.coal":52,"stat.fallOneCm":22894,"stat.pickup.minecraft.carrot":84,"stat.pickup.minecraft.gunpowder":2,"stat.crouchOneCm":62942,"stat.pickup.minecraft.spider_eye":1,"stat.craftItem.minecraft.iron_ingot":31,"stat.pickup.minecraft.dirt":26,"stat.craftingTableInteraction":19,"stat.pickup.minecraft.iron_ore":32,"tombstone:sneak_grave":1,"stat.mineBlock.minecraft.leaves2":1,"stat.mineBlock.minecraft.log2":7,"stat.damageTaken":2822,"stat.pickup.minecraft.leather":3,"stat.mineBlock.minecraft.furnace":4,"stat.useItem.minecraft.wooden_pickaxe":8,"stat.useItem.minecraft.furnace":2,"stat.craftItem.minecraft.wooden_sword":1,"stat.pickup.minecraft.log2":7,"stat.pickup.minecraft.dye":3,"stat.pickup.minecraft.planks":14,"tombstone:undead_killed":6,"stat.pickup.minecraft.wheat_seeds":164,"stat.mineBlock.minecraft.gravel":7,"stat.useItem.minecraft.stone_pickaxe":89,"stat.craftItem.minecraft.iron_leggings":1,"stat.damageDealt":4418,"stat.useItem.minecraft.wool":1,"stat.killEntity.Cow":1,"stat.mineBlock.minecraft.dirt":26,"stat.killEntity.Pig":3,"stat.craftItem.minecraft.iron_sword":1,"stat.walkOneCm":181148,"stat.playerKills":7,"stat.pickup.minecraft.crafting_table":1,"stat.useItem.minecraft.cobblestone":24,"stat.craftItem.minecraft.crafting_table":4,"stat.mineBlock.minecraft.double_plant":4,"stat.pickup.minecraft.log":7,"stat.useItem.tombstone.gift":1,"stat.pickup.minecraft.stone":6,"stat.craftItem.minecraft.iron_chestplate":1,"stat.pickup.minecraft.chicken":1,"stat.pickup.minecraft.sapling":5,"stat.pickup.minecraft.apple":2,"stat.killEntity.Skeleton":1,"stat.pickup.minecraft.beetroot":24,"stat.craftItem.minecraft.bucket":1,"stat.craftItem.minecraft.planks":56,"stat.useItem.minecraft.iron_sword":15,"stat.killEntity.Chicken":1,"stat.killEntity.Spider":3,"stat.mobKills":25,"stat.pickup.minecraft.book":42,"stat.mineBlock.minecraft.log":7,"stat.mineBlock.minecraft.bookshelf":7,"stat.pickup.mowziesmobs.barakoa_mask_bliss":1,"stat.mineBlock.minecraft.leaves":2,"stat.pickup.minecraft.beetroot_seeds":102,"stat.pickup.minecraft.red_flower":2,"stat.sneakTime":11014,"stat.pickup.minecraft.wool":3,"stat.useItem.minecraft.wooden_axe":71,"stat.drop.minecraft.yellow_flower":1,"stat.pickup.minecraft.yellow_flower":2,"stat.mineBlock.minecraft.stone":77,"stat.useItem.minecraft.beetroot":9}