{"stat.pickup.minecraft.bone":7,"stat.mineBlock.iceandfire.chared_grass":1,"stat.useItem.minecraft.iron_axe":6,"stat.leaveGame":6,"stat.mineBlock.minecraft.cobblestone":3,"stat.pickup.minecraft.stone_pickaxe":1,"stat.pickup.minecraft.flint":1,"stat.mineBlock.minecraft.yellow_flower":2,"stat.entityKilledBy.Witch":1,"stat.craftItem.minecraft.iron_axe":1,"stat.useItem.minecraft.diamond_sword":20,"stat.pickup.iceandfire.deathworm_chitin":2,"stat.mineBlock.minecraft.stained_glass_pane":2,"stat.useItem.minecraft.mutton":4,"stat.swimOneCm":69794,"stat.useItem.minecraft.planks":3,"stat.craftItem.minecraft.shield":1,"stat.climbOneCm":0,"stat.pickup.minecraft.porkchop":11,"stat.useItem.minecraft.dirt":23,"stat.useItem.minecraft.stone_slab2":22,"stat.pickup.minecraft.bow":1,"stat.pickup.minecraft.rotten_flesh":24,"stat.killEntity.deathworm":2,"stat.craftItem.minecraft.furnace":2,"stat.craftItem.minecraft.iron_boots":1,"stat.useItem.minecraft.iron_ore":1,"stat.pickup.herobrine.herobrine_statue":2,"stat.craftItem.minecraft.stone_pickaxe":1,"stat.killEntity.Enderman":1,"stat.pickup.minecraft.cobblestone":84,"stat.mineBlock.minecraft.wooden_slab":2,"stat.craftItem.minecraft.stone_sword":1,"stat.flyOneCm":566882,"stat.entityKilledBy.firedragon":2,"stat.mineBlock.minecraft.sand":3,"tombstone:villager_killed":1,"stat.killEntity.Witch":1,"stat.craftItem.iceandfire.dragon_stick":1,"stat.pickup.minecraft.cactus":2,"stat.killEntity.Villager":1,"stat.mineBlock.minecraft.iron_ore":31,"stat.timeSinceDeath":17232,"stat.pickup.iceandfire.silver_ingot":1,"stat.useItem.minecraft.iron_pickaxe":79,"stat.craftItem.minecraft.wooden_pickaxe":1,"stat.pickup.minecraft.mutton":5,"stat.mineBlock.minecraft.vine":1,"stat.furnaceInteraction":29,"stat.drop.minecraft.dirt":49,"stat.pickup.minecraft.carpet":2,"stat.pickup.iceandfire.dragon_skull":1,"tombstone:tomb_raiding":3,"stat.mineBlock.minecraft.coal_ore":22,"stat.killEntity.Creeper":2,"stat.pickup.minecraft.wooden_sword":1,"stat.pickup.minecraft.string":5,"stat.pickup.minecraft.beef":2,"stat.pickup.minecraft.furnace":6,"stat.pickup.tombstone.crafting_ingredient":3,"stat.entityKilledBy.Skeleton":1,"stat.drop.minecraft.cactus":1,"stat.craftItem.minecraft.stone_slab2":0,"stat.killEntity.Squid":1,"stat.sprintOneCm":299931,"stat.craftItem.minecraft.stick":24,"stat.craftItem.minecraft.wooden_axe":1,"stat.killEntity.Horse":2,"stat.mineBlock.minecraft.crafting_table":1,"stat.killEntity.Husk":2,"stat.useItem.minecraft.carrot":28,"stat.useItem.minecraft.bucket":2,"stat.deaths":13,"stat.mineBlock.minecraft.planks":5,"stat.mineBlock.iceandfire.chared_gravel":4,"stat.drop":3,"stat.playOneMinute":105680,"stat.useItem.minecraft.wooden_sword":56,"stat.killEntity.Sheep":3,"stat.craftItem.minecraft.iron_pickaxe":1,"stat.killEntity.Zombie":6,"stat.pickup.iceandfire.chared_dirt":3,"stat.mineBlock.minecraft.tallgrass":45,"stat.diveOneCm":69755,"stat.pickup.minecraft.wheat":18,"stat.chestOpened":20,"stat.useItem.minecraft.stone":1,"stat.pickup.minecraft.gravel":4,"stat.pickup.minecraft.arrow":3,"stat.useItem.minecraft.apple":2,"stat.useItem.minecraft.porkchop":6,"stat.pickup.minecraft.gold_nugget":54,"stat.useItem.minecraft.rotten_flesh":24,"stat.craftItem.minecraft.diamond_sword":1,"stat.jump":2449,"stat.pickup.minecraft.coal":52,"stat.fallOneCm":57715,"stat.pickup.minecraft.carrot":85,"stat.pickup.iceandfire.chared_gravel":3,"stat.pickup.minecraft.gunpowder":2,"stat.crouchOneCm":78838,"stat.mineBlock.minecraft.chest":1,"stat.pickup.minecraft.spider_eye":1,"stat.craftItem.minecraft.iron_ingot":31,"stat.pickup.minecraft.dirt":84,"stat.craftingTableInteraction":22,"stat.pickup.minecraft.iron_ore":32,"tombstone:sneak_grave":1,"stat.mineBlock.minecraft.leaves2":1,"stat.mineBlock.minecraft.log2":7,"stat.damageTaken":4479,"stat.pickup.minecraft.leather":7,"stat.mineBlock.minecraft.furnace":4,"stat.useItem.minecraft.wooden_pickaxe":8,"stat.useItem.minecraft.furnace":2,"stat.craftItem.minecraft.wooden_sword":1,"stat.pickup.minecraft.log2":7,"stat.pickup.minecraft.dye":3,"stat.pickup.minecraft.planks":16,"stat.killEntity.Llama":1,"stat.pickup.minecraft.bed":1,"tombstone:undead_killed":12,"stat.pickup.minecraft.wheat_seeds":167,"stat.mineBlock.minecraft.gravel":7,"stat.useItem.minecraft.stone_pickaxe":90,"stat.craftItem.minecraft.iron_leggings":1,"stat.damageDealt":7080,"stat.pickup.iceandfire.chared_grass":1,"stat.useItem.minecraft.wool":1,"stat.killEntity.Cow":1,"stat.mineBlock.minecraft.dirt":29,"stat.useItem.minecraft.crafting_table":1,"stat.killEntity.Pig":3,"stat.mineBlock.iceandfire.chared_dirt":3,"stat.craftItem.minecraft.iron_sword":1,"stat.walkOneCm":246321,"stat.useItem.minecraft.bread":1,"stat.playerKills":7,"stat.pickup.minecraft.stick":2,"stat.pickup.minecraft.crafting_table":2,"stat.useItem.minecraft.cobblestone":57,"stat.craftItem.minecraft.crafting_table":6,"stat.mineBlock.minecraft.double_plant":4,"stat.mineBlock.herobrine.herobrine_statue":1,"stat.useItem.minecraft.lava_bucket":1,"stat.pickup.minecraft.log":7,"stat.useItem.tombstone.gift":1,"stat.craftItem.minecraft.gold_ingot":6,"stat.pickup.minecraft.stone":9,"stat.craftItem.minecraft.iron_chestplate":1,"stat.pickup.minecraft.chicken":1,"stat.pickup.minecraft.sapling":5,"stat.pickup.minecraft.ender_pearl":1,"stat.pickup.minecraft.apple":2,"stat.killEntity.Skeleton":4,"stat.pickup.minecraft.beetroot":27,"stat.craftItem.minecraft.bucket":1,"stat.mineBlock.iceandfire.goldpile":8,"stat.craftItem.minecraft.planks":56,"stat.useItem.minecraft.iron_sword":39,"stat.killEntity.Chicken":1,"stat.killEntity.Spider":3,"stat.mobKills":36,"stat.pickup.minecraft.book":42,"stat.mineBlock.minecraft.log":7,"stat.mineBlock.minecraft.bookshelf":7,"stat.entityKilledBy.hippogryph":1,"stat.pickup.mowziesmobs.barakoa_mask_bliss":1,"stat.mineBlock.minecraft.leaves":2,"stat.pickup.minecraft.beetroot_seeds":102,"stat.pickup.minecraft.red_flower":2,"stat.sneakTime":14537,"stat.pickup.minecraft.wool":3,"stat.useItem.minecraft.wooden_axe":71,"stat.drop.minecraft.yellow_flower":1,"stat.pickup.minecraft.yellow_flower":2,"stat.mineBlock.minecraft.stone":80,"stat.useItem.minecraft.beetroot":9}