{"stat.chestOpened":1,"stat.leaveGame":3,"stat.mineBlock.minecraft.yellow_flower":2,"stat.useItem.minecraft.apple":2,"stat.useItem.minecraft.porkchop":6,"stat.useItem.minecraft.rotten_flesh":1,"stat.useItem.minecraft.mutton":4,"stat.swimOneCm":26580,"stat.jump":990,"stat.fallOneCm":13279,"stat.useItem.minecraft.planks":3,"stat.pickup.minecraft.carrot":84,"stat.pickup.minecraft.porkchop":9,"stat.pickup.minecraft.gunpowder":2,"stat.crouchOneCm":33587,"stat.pickup.minecraft.spider_eye":1,"stat.pickup.minecraft.dirt":11,"stat.useItem.minecraft.dirt":7,"stat.useItem.minecraft.stone_slab2":11,"stat.craftingTableInteraction":4,"stat.pickup.minecraft.rotten_flesh":7,"tombstone:sneak_grave":1,"stat.mineBlock.minecraft.leaves2":1,"stat.mineBlock.minecraft.log2":7,"stat.damageTaken":1650,"stat.pickup.minecraft.leather":3,"stat.pickup.minecraft.cobblestone":1,"stat.craftItem.minecraft.wooden_sword":1,"stat.pickup.minecraft.log2":7,"stat.pickup.minecraft.dye":3,"stat.pickup.minecraft.planks":14,"stat.flyOneCm":232299,"tombstone:undead_killed":3,"stat.pickup.minecraft.wheat_seeds":163,"tombstone:villager_killed":1,"stat.mineBlock.minecraft.gravel":2,"stat.killEntity.Villager":1,"stat.damageDealt":3183,"stat.useItem.minecraft.wool":1,"stat.timeSinceDeath":1435,"stat.pickup.iceandfire.silver_ingot":1,"stat.killEntity.Cow":1,"stat.mineBlock.minecraft.dirt":11,"stat.killEntity.Pig":3,"stat.pickup.minecraft.mutton":5,"stat.walkOneCm":126844,"stat.playerKills":5,"stat.craftItem.minecraft.crafting_table":2,"stat.mineBlock.minecraft.double_plant":4,"tombstone:tomb_raiding":3,"stat.killEntity.Creeper":2,"stat.pickup.minecraft.wooden_sword":1,"stat.pickup.minecraft.log":7,"stat.pickup.minecraft.beef":2,"stat.useItem.tombstone.gift":1,"stat.pickup.tombstone.crafting_ingredient":2,"stat.entityKilledBy.Skeleton":1,"stat.killEntity.Squid":1,"stat.pickup.minecraft.sapling":5,"stat.sprintOneCm":137037,"stat.pickup.minecraft.apple":2,"stat.craftItem.minecraft.stick":8,"stat.craftItem.minecraft.wooden_axe":1,"stat.pickup.minecraft.beetroot":24,"stat.killEntity.Horse":2,"stat.craftItem.minecraft.planks":52,"stat.killEntity.Spider":1,"stat.useItem.minecraft.carrot":8,"stat.mobKills":19,"stat.pickup.minecraft.book":42,"stat.mineBlock.minecraft.log":7,"stat.mineBlock.minecraft.bookshelf":7,"stat.pickup.mowziesmobs.barakoa_mask_bliss":1,"stat.deaths":6,"stat.mineBlock.minecraft.planks":3,"stat.mineBlock.minecraft.leaves":1,"stat.pickup.minecraft.beetroot_seeds":102,"stat.playOneMinute":41954,"stat.useItem.minecraft.wooden_sword":43,"stat.killEntity.Sheep":3,"stat.pickup.minecraft.red_flower":2,"stat.sneakTime":4952,"stat.pickup.minecraft.wool":3,"stat.killEntity.Zombie":3,"stat.useItem.minecraft.wooden_axe":71,"stat.pickup.minecraft.yellow_flower":2,"stat.mineBlock.minecraft.tallgrass":24,"stat.diveOneCm":18280,"stat.useItem.minecraft.beetroot":9,"stat.pickup.minecraft.wheat":18}