{"stat.mineBlock.iceandfire.chared_grass":1,"stat.leaveGame":10,"stat.craftItem.minecraft.iron_axe":1,"stat.useItem.minecraft.mutton":4,"stat.useItem.minecraft.planks":4,"stat.craftItem.minecraft.shield":1,"stat.mineBlock.minecraft.web":7,"stat.drop.minecraft.feather":1,"stat.pickup.minecraft.porkchop":36,"stat.useItem.minecraft.water_bucket":5,"stat.pickup.minecraft.rotten_flesh":24,"stat.pickup.herobrine.herobrine_statue":2,"stat.killEntity.Enderman":1,"stat.mineBlock.minecraft.wooden_slab":2,"stat.craftItem.minecraft.stone_sword":1,"stat.entityKilledBy.firedragon":3,"stat.mineBlock.minecraft.sand":3,"stat.pickup.iceandfire.ash":1,"tombstone:villager_killed":1,"stat.killEntity.Witch":1,"stat.craftItem.iceandfire.dragon_stick":1,"stat.craftItem.backpack.stick":6,"stat.killEntity.Villager":1,"stat.pickup.iceandfire.silver_ingot":1,"stat.useItem.minecraft.iron_pickaxe":88,"stat.craftItem.minecraft.wooden_pickaxe":1,"stat.craftItem.minecraft.bed":1,"stat.mineBlock.minecraft.vine":1,"stat.furnaceInteraction":38,"stat.pickup.iceandfire.dragon_skull":1,"stat.pickup.iceandfire.manuscript":11,"stat.pickup.minecraft.beef":20,"stat.pickup.minecraft.furnace":6,"stat.drop.minecraft.cactus":1,"stat.pickup.minecraft.iron_chestplate":1,"stat.mineBlock.iceandfire.ash":2,"stat.killEntity.Horse":2,"stat.killEntity.Husk":2,"stat.useItem.minecraft.beef":1,"stat.deaths":15,"stat.mineBlock.iceandfire.chared_gravel":4,"stat.pickup.minecraft.egg":1,"stat.playOneMinute":142039,"stat.craftItem.minecraft.iron_pickaxe":1,"stat.drop.minecraft.chest":1,"stat.mineBlock.minecraft.tallgrass":47,"stat.chestOpened":45,"stat.useItem.minecraft.stone":1,"stat.pickup.minecraft.arrow":3,"stat.pickup.minecraft.gold_nugget":57,"stat.fallOneCm":82040,"stat.pickup.minecraft.carrot":85,"stat.crouchOneCm":93752,"stat.mineBlock.minecraft.chest":7,"stat.craftItem.minecraft.iron_ingot":31,"stat.craftItem.minecraft.chest":1,"stat.craftingTableInteraction":39,"stat.mineBlock.minecraft.log2":7,"stat.pickup.minecraft.feather":5,"stat.useItem.minecraft.furnace":2,"stat.craftItem.minecraft.wooden_sword":1,"stat.pickup.minecraft.dye":3,"stat.pickup.minecraft.planks":36,"stat.killEntity.Llama":1,"stat.pickup.minecraft.iron_leggings":1,"stat.pickup.minecraft.wheat_seeds":172,"stat.mineBlock.minecraft.gravel":7,"stat.useItem.minecraft.stone_pickaxe":90,"stat.craftItem.minecraft.iron_leggings":1,"stat.pickup.iceandfire.dragon_stick":1,"stat.useItem.minecraft.wool":1,"stat.mineBlock.minecraft.dirt":36,"stat.useItem.minecraft.bread":1,"stat.useItem.minecraft.torch":2,"stat.pickup.minecraft.crafting_table":2,"stat.useItem.minecraft.cobblestone":62,"stat.craftItem.minecraft.crafting_table":8,"stat.mineBlock.minecraft.double_plant":4,"stat.mineBlock.herobrine.herobrine_statue":1,"stat.pickup.minecraft.log":13,"stat.craftItem.minecraft.gold_ingot":6,"stat.pickup.minecraft.web":11,"stat.pickup.minecraft.chicken":5,"stat.pickup.minecraft.sapling":5,"stat.pickup.minecraft.apple":2,"stat.pickup.minecraft.beetroot":30,"stat.craftItem.minecraft.bucket":1,"stat.mineBlock.iceandfire.goldpile":10,"stat.craftItem.minecraft.planks":80,"stat.useItem.minecraft.iron_sword":39,"stat.pickup.minecraft.book":42,"stat.mineBlock.minecraft.log":13,"stat.pickup.minecraft.red_flower":2,"stat.sneakTime":18436,"stat.pickup.minecraft.wool":13,"stat.useItem.minecraft.wooden_axe":71,"stat.drop.minecraft.yellow_flower":2,"stat.pickup.minecraft.yellow_flower":3,"stat.useItem.minecraft.beetroot":12,"stat.pickup.minecraft.chest":6,"stat.useItem.minecraft.web":6,"stat.pickup.minecraft.bone":7,"stat.useItem.minecraft.iron_axe":18,"stat.mineBlock.minecraft.cobblestone":6,"stat.pickup.minecraft.stone_pickaxe":1,"stat.pickup.minecraft.flint":1,"stat.mineBlock.minecraft.yellow_flower":2,"stat.entityKilledBy.Witch":1,"stat.useItem.minecraft.diamond_sword":69,"stat.pickup.iceandfire.deathworm_chitin":6,"stat.mineBlock.minecraft.stained_glass_pane":2,"stat.swimOneCm":78062,"stat.climbOneCm":0,"stat.pickup.minecraft.enchanted_book":1,"stat.drop.iceandfire.deathworm_chitin":2,"stat.useItem.minecraft.dirt":24,"stat.useItem.minecraft.stone_slab2":30,"stat.pickup.minecraft.bow":2,"stat.pickup.minecraft.iron_boots":1,"stat.killEntity.deathworm":2,"stat.craftItem.minecraft.furnace":4,"stat.useItem.minecraft.egg":1,"stat.craftItem.minecraft.iron_boots":1,"stat.useItem.minecraft.iron_ore":1,"stat.pickup.iceandfire.chain_link":8,"stat.craftItem.minecraft.stone_pickaxe":1,"stat.craftItem.minecraft.cooked_beef":5,"stat.pickup.minecraft.cobblestone":92,"stat.flyOneCm":727643,"stat.drop.minecraft.wheat_seeds":4,"stat.useItem.minecraft.cooked_beef":3,"stat.pickup.minecraft.cactus":2,"stat.mineBlock.minecraft.iron_ore":31,"stat.timeSinceDeath":13612,"stat.pickup.minecraft.mutton":18,"stat.drop.minecraft.dirt":57,"stat.pickup.minecraft.carpet":2,"tombstone:tomb_raiding":3,"stat.mineBlock.minecraft.coal_ore":22,"stat.killEntity.Creeper":2,"stat.pickup.minecraft.wooden_sword":1,"stat.pickup.minecraft.string":15,"stat.pickup.tombstone.crafting_ingredient":4,"stat.entityKilledBy.Skeleton":1,"stat.craftItem.minecraft.stone_slab2":0,"stat.killEntity.Squid":1,"stat.sprintOneCm":422920,"stat.craftItem.minecraft.stick":24,"stat.craftItem.minecraft.wooden_axe":1,"stat.mineBlock.minecraft.crafting_table":1,"stat.useItem.minecraft.carrot":28,"stat.useItem.minecraft.bucket":7,"stat.mineBlock.minecraft.planks":5,"stat.drop":11,"stat.useItem.minecraft.wooden_sword":56,"stat.killEntity.Sheep":10,"stat.pickup.backpack.backpack_frame":1,"stat.killEntity.Zombie":6,"stat.craftItem.backpack.backpack":1,"stat.craftItem.backpack.backpack_frame":1,"stat.pickup.iceandfire.chared_dirt":9,"stat.diveOneCm":134545,"stat.pickup.minecraft.wheat":18,"stat.pickup.minecraft.gravel":4,"stat.craftItem.minecraft.cooked_porkchop":15,"stat.useItem.minecraft.chicken":4,"stat.useItem.minecraft.apple":2,"stat.useItem.minecraft.porkchop":6,"stat.useItem.minecraft.rotten_flesh":26,"stat.craftItem.iceandfire.blindfold":1,"stat.craftItem.minecraft.diamond_sword":1,"stat.jump":3293,"stat.pickup.minecraft.coal":52,"stat.pickup.minecraft.iron_helmet":1,"stat.pickup.iceandfire.chared_gravel":7,"stat.pickup.minecraft.gunpowder":2,"stat.pickup.minecraft.spider_eye":1,"stat.craftItem.minecraft.torch":8,"stat.pickup.minecraft.dirt":103,"stat.craftItem.minecraft.iron_helmet":1,"stat.pickup.minecraft.iron_ore":32,"stat.drop.iceandfire.chared_grass":1,"stat.useItem.minecraft.sapling":4,"tombstone:sneak_grave":1,"stat.mineBlock.minecraft.leaves2":1,"stat.damageTaken":5128,"stat.pickup.minecraft.leather":22,"stat.mineBlock.minecraft.furnace":4,"stat.useItem.minecraft.wooden_pickaxe":8,"stat.pickup.minecraft.log2":7,"stat.pickup.minecraft.bed":1,"tombstone:undead_killed":12,"stat.damageDealt":9570,"stat.pickup.iceandfire.chared_grass":3,"stat.killEntity.Cow":6,"stat.useItem.minecraft.crafting_table":1,"stat.killEntity.Pig":17,"stat.mineBlock.iceandfire.chared_dirt":8,"stat.craftItem.minecraft.iron_sword":1,"stat.walkOneCm":301136,"stat.playerKills":7,"stat.pickup.minecraft.stick":2,"stat.useItem.minecraft.lava_bucket":1,"stat.useItem.tombstone.gift":1,"stat.pickup.minecraft.stone":9,"stat.craftItem.minecraft.iron_chestplate":1,"stat.pickup.minecraft.ender_pearl":2,"stat.pickup.minecraft.cooked_beef":10,"stat.pickup.minecraft.gold_ingot":21,"stat.killEntity.Skeleton":4,"stat.killEntity.Chicken":2,"stat.killEntity.Spider":3,"stat.mobKills":63,"stat.mineBlock.minecraft.bookshelf":7,"stat.entityKilledBy.hippogryph":1,"stat.pickup.backpack.stick":6,"stat.pickup.mowziesmobs.barakoa_mask_bliss":1,"stat.mineBlock.minecraft.leaves":2,"stat.pickup.minecraft.beetroot_seeds":102,"stat.pickup.minecraft.torch":1,"stat.mineBlock.minecraft.stone":86}