{"stat.walkOneCm":38047,"stat.drop.minecraft.wooden_pickaxe":1,"stat.leaveGame":1,"stat.pickup.minecraft.crafting_table":1,"stat.craftItem.minecraft.crafting_table":1,"stat.furnaceInteraction":2,"stat.useItem.minecraft.cooked_porkchop":2,"stat.pickup.minecraft.log":7,"stat.jump":430,"stat.swimOneCm":2348,"stat.fallOneCm":12965,"stat.useItem.minecraft.cooked_mutton":2,"stat.pickup.minecraft.cooked_porkchop":128,"stat.useItem.minecraft.stone_axe":1,"stat.pickup.minecraft.porkchop":4,"stat.pickup.lycanitesmobs.raw_arisaur_meat":1,"stat.crouchOneCm":4317,"stat.pickup.minecraft.dirt":30,"stat.sprintOneCm":50012,"stat.useItem.minecraft.stone_slab2":1,"stat.craftItem.minecraft.stick":8,"stat.craftingTableInteraction":3,"stat.craftItem.minecraft.planks":28,"stat.craftItem.minecraft.stone_axe":1,"stat.damageTaken":576,"stat.mineBlock.minecraft.crafting_table":1,"stat.craftItem.minecraft.stone_pickaxe":1,"stat.useItem.minecraft.wooden_pickaxe":12,"stat.pickup.minecraft.cobblestone":36,"stat.mobKills":3,"stat.mineBlock.minecraft.log":7,"stat.craftItem.minecraft.stone_sword":1,"stat.flyOneCm":85937,"stat.deaths":1,"stat.drop":1,"stat.playOneMinute":26739,"stat.useItem.minecraft.stone_pickaxe":31,"stat.useItem.minecraft.stone_sword":15,"stat.sneakTime":1479,"stat.damageDealt":685,"stat.timeSinceDeath":17484,"stat.mineBlock.minecraft.dirt":12,"stat.craftItem.minecraft.wooden_pickaxe":1,"stat.mineBlock.minecraft.stone":36,"stat.killEntity.Pig":2,"stat.mineBlock.minecraft.tallgrass":2,"stat.diveOneCm":563,"stat.pickup.minecraft.cooked_mutton":2}