{"stat.chestOpened":1,"stat.walkOneCm":83122,"stat.useItem.minecraft.iron_axe":1,"stat.leaveGame":1,"stat.pickup.minecraft.crafting_table":1,"stat.useItem.minecraft.cobblestone":8,"stat.craftItem.minecraft.crafting_table":1,"stat.drop.minecraft.dirt":1,"stat.craftItem.minecraft.iron_axe":1,"stat.useItem.minecraft.apple":2,"stat.mineBlock.minecraft.coal_ore":12,"stat.pickup.minecraft.log":5,"stat.jump":431,"stat.swimOneCm":5286,"stat.pickup.minecraft.coal":11,"stat.fallOneCm":7609,"stat.pickup.minecraft.iron_ingot":23,"stat.craftItem.minecraft.shield":1,"stat.useItem.tombstone.gift":1,"stat.pickup.minecraft.porkchop":1,"stat.crouchOneCm":5861,"stat.pickup.minecraft.sapling":1,"stat.pickup.minecraft.ender_pearl":1,"stat.pickup.minecraft.dirt":3,"stat.useItem.minecraft.dirt":1,"stat.sprintOneCm":63033,"stat.useItem.minecraft.stone_slab2":2,"stat.pickup.minecraft.bow":1,"stat.pickup.minecraft.apple":2,"stat.craftItem.minecraft.stick":12,"stat.pickup.tombstone.magic_scroll":3,"stat.craftingTableInteraction":4,"stat.pickup.minecraft.iron_ore":21,"stat.pickup.minecraft.rotten_flesh":4,"stat.killEntity.Skeleton":1,"stat.useItem.tombstone.magic_scroll":4,"stat.craftItem.minecraft.planks":20,"stat.useItem.minecraft.iron_sword":33,"stat.damageTaken":930,"stat.mineBlock.minecraft.crafting_table":1,"stat.mineBlock.minecraft.torch":1,"stat.killEntity.Enderman":1,"stat.mobKills":9,"stat.pickup.minecraft.cobblestone":16,"stat.mineBlock.minecraft.log":4,"stat.flyOneCm":75843,"stat.deaths":3,"tombstone:undead_killed":6,"stat.pickup.minecraft.wheat_seeds":4,"stat.drop":5,"stat.playOneMinute":24172,"tombstone:villager_killed":1,"stat.drop.minecraft.wheat_seeds":4,"stat.entityKilledBy.Zombie":1,"stat.pickup.minecraft.torch":1,"stat.killEntity.Sheep":1,"stat.sneakTime":1375,"stat.craftItem.minecraft.iron_pickaxe":1,"stat.pickup.minecraft.wool":1,"stat.killEntity.Villager":1,"stat.damageDealt":2003,"stat.mineBlock.minecraft.iron_ore":11,"stat.killEntity.Zombie":5,"stat.timeSinceDeath":5223,"stat.mineBlock.minecraft.dirt":2,"stat.useItem.minecraft.iron_pickaxe":40,"stat.killEntity.Pig":1,"stat.mineBlock.minecraft.stone":17,"stat.mineBlock.minecraft.tallgrass":36,"stat.pickup.minecraft.mutton":2,"stat.craftItem.minecraft.iron_sword":1}