{"stat.walkOneCm":27426,"stat.craftItem.minecraft.planks":28,"stat.drop.minecraft.wooden_pickaxe":1,"stat.craftItem.minecraft.stone_axe":1,"stat.pickup.minecraft.crafting_table":1,"stat.damageTaken":406,"stat.mineBlock.minecraft.crafting_table":1,"stat.craftItem.minecraft.crafting_table":1,"stat.furnaceInteraction":2,"stat.craftItem.minecraft.stone_pickaxe":1,"stat.useItem.minecraft.wooden_pickaxe":12,"stat.pickup.minecraft.cobblestone":36,"stat.mobKills":1,"stat.mineBlock.minecraft.log":7,"stat.pickup.minecraft.log":7,"stat.craftItem.minecraft.stone_sword":1,"stat.flyOneCm":64368,"stat.deaths":1,"stat.drop":1,"stat.jump":327,"stat.swimOneCm":2348,"stat.playOneMinute":15881,"stat.fallOneCm":10053,"stat.useItem.minecraft.stone_pickaxe":31,"stat.useItem.minecraft.cooked_mutton":2,"stat.sneakTime":1466,"stat.useItem.minecraft.stone_sword":1,"stat.pickup.minecraft.cooked_porkchop":128,"stat.useItem.minecraft.stone_axe":1,"stat.damageDealt":150,"stat.crouchOneCm":4317,"stat.timeSinceDeath":6626,"stat.pickup.minecraft.dirt":24,"stat.mineBlock.minecraft.dirt":12,"stat.sprintOneCm":37703,"stat.useItem.minecraft.stone_slab2":1,"stat.craftItem.minecraft.wooden_pickaxe":1,"stat.mineBlock.minecraft.stone":36,"stat.diveOneCm":563,"stat.craftItem.minecraft.stick":8,"stat.pickup.minecraft.cooked_mutton":2,"stat.craftingTableInteraction":3}