{"stat.chestOpened":1,"stat.drop.minecraft.mutton":2,"stat.walkOneCm":105485,"stat.useItem.minecraft.torch":8,"stat.useItem.minecraft.iron_axe":1,"stat.leaveGame":1,"stat.pickup.minecraft.crafting_table":1,"stat.useItem.minecraft.cobblestone":53,"stat.craftItem.minecraft.crafting_table":1,"stat.drop.minecraft.dirt":1,"stat.craftItem.minecraft.iron_axe":1,"stat.useItem.minecraft.apple":2,"stat.mineBlock.minecraft.coal_ore":19,"stat.drop.minecraft.red_flower":1,"stat.pickup.minecraft.log":5,"stat.pickup.minecraft.string":2,"stat.jump":538,"stat.swimOneCm":23290,"stat.pickup.minecraft.coal":17,"stat.fallOneCm":8774,"stat.pickup.minecraft.iron_ingot":23,"stat.craftItem.minecraft.shield":1,"stat.useItem.tombstone.gift":1,"stat.pickup.minecraft.carrot":2,"stat.pickup.minecraft.porkchop":1,"stat.crouchOneCm":13809,"stat.pickup.minecraft.spider_eye":2,"stat.craftItem.minecraft.torch":16,"stat.pickup.minecraft.sapling":1,"stat.pickup.minecraft.ender_pearl":1,"stat.pickup.minecraft.dirt":3,"stat.useItem.minecraft.dirt":1,"stat.sprintOneCm":75770,"stat.useItem.minecraft.stone_slab2":2,"stat.pickup.minecraft.bow":1,"stat.pickup.minecraft.apple":2,"stat.craftItem.minecraft.stick":12,"stat.pickup.tombstone.magic_scroll":3,"stat.craftingTableInteraction":4,"stat.pickup.minecraft.iron_ore":29,"stat.pickup.minecraft.rotten_flesh":5,"stat.killEntity.Skeleton":1,"stat.useItem.tombstone.magic_scroll":4,"stat.entityKilledBy.Spider":1,"stat.craftItem.minecraft.planks":20,"stat.useItem.minecraft.iron_sword":52,"stat.damageTaken":1425,"stat.mineBlock.minecraft.crafting_table":1,"stat.killEntity.Spider":3,"stat.mineBlock.minecraft.torch":1,"stat.killEntity.Enderman":1,"stat.mobKills":13,"stat.pickup.minecraft.cobblestone":63,"stat.mineBlock.minecraft.log":4,"stat.pickup.minecraft.dye":3,"stat.flyOneCm":84688,"stat.deaths":5,"tombstone:undead_killed":7,"stat.pickup.minecraft.wheat_seeds":4,"stat.drop":8,"stat.playOneMinute":31372,"tombstone:villager_killed":1,"stat.drop.minecraft.wheat_seeds":4,"stat.entityKilledBy.Zombie":1,"stat.pickup.minecraft.torch":1,"stat.killEntity.Sheep":1,"stat.pickup.minecraft.red_flower":1,"stat.sneakTime":3327,"stat.craftItem.minecraft.iron_pickaxe":1,"stat.pickup.minecraft.wool":1,"stat.killEntity.Villager":1,"stat.damageDealt":2759,"stat.mineBlock.minecraft.iron_ore":18,"stat.killEntity.Zombie":6,"stat.timeSinceDeath":3891,"stat.mineBlock.minecraft.dirt":2,"stat.useItem.minecraft.iron_pickaxe":96,"stat.killEntity.Pig":1,"stat.mineBlock.minecraft.stone":59,"stat.mineBlock.minecraft.tallgrass":36,"stat.pickup.minecraft.mutton":2,"stat.craftItem.minecraft.iron_sword":1,"stat.diveOneCm":164}