{"stat.drop.minecraft.wooden_pickaxe":1,"stat.leaveGame":4,"stat.jump":549,"stat.swimOneCm":3108,"stat.fallOneCm":15264,"stat.pickup.minecraft.cooked_porkchop":128,"stat.useItem.minecraft.stone_axe":1,"stat.pickup.minecraft.porkchop":4,"stat.crouchOneCm":4317,"stat.pickup.minecraft.dirt":30,"stat.useItem.minecraft.stone_slab2":1,"stat.craftingTableInteraction":3,"stat.craftItem.minecraft.stone_axe":1,"stat.damageTaken":686,"stat.craftItem.minecraft.stone_pickaxe":1,"stat.useItem.minecraft.wooden_pickaxe":12,"stat.pickup.minecraft.cobblestone":36,"stat.craftItem.minecraft.stone_sword":1,"stat.flyOneCm":111632,"stat.useItem.minecraft.stone_pickaxe":32,"stat.useItem.minecraft.stone_sword":36,"stat.damageDealt":1516,"stat.timeSinceDeath":25002,"stat.mineBlock.minecraft.dirt":12,"stat.craftItem.minecraft.wooden_pickaxe":1,"stat.killEntity.Pig":2,"arisaur.kill":2,"stat.walkOneCm":54205,"stat.pickup.minecraft.crafting_table":1,"stat.craftItem.minecraft.crafting_table":1,"stat.furnaceInteraction":2,"stat.useItem.minecraft.cooked_porkchop":4,"stat.mineBlock.minecraft.double_plant":1,"stat.drop.lycanitesmobs.spectralboltcharge":1,"stat.pickup.minecraft.log":7,"stat.useItem.minecraft.cooked_mutton":2,"stat.pickup.lycanitesmobs.spectralboltcharge":2,"stat.pickup.lycanitesmobs.raw_arisaur_meat":4,"stat.sprintOneCm":65963,"stat.craftItem.minecraft.stick":8,"stat.craftItem.minecraft.planks":28,"stat.mineBlock.minecraft.crafting_table":1,"stat.mobKills":4,"stat.mineBlock.minecraft.log":7,"stat.deaths":1,"stat.drop":2,"stat.playOneMinute":34257,"stat.sneakTime":1479,"stat.mineBlock.minecraft.stone":36,"stat.mineBlock.minecraft.tallgrass":3,"stat.diveOneCm":563,"stat.pickup.minecraft.cooked_mutton":2}