{"stat.chestOpened":1,"stat.walkOneCm":39791,"stat.leaveGame":1,"stat.damageTaken":345,"stat.mineBlock.minecraft.torch":1,"stat.flyOneCm":49279,"stat.deaths":1,"stat.pickup.minecraft.wheat_seeds":1,"stat.drop":1,"stat.jump":217,"stat.swimOneCm":5286,"stat.playOneMinute":11572,"tombstone:villager_killed":1,"stat.fallOneCm":2775,"stat.drop.minecraft.wheat_seeds":1,"stat.pickup.minecraft.torch":1,"stat.useItem.tombstone.gift":1,"stat.sneakTime":44,"stat.killEntity.Villager":1,"stat.damageDealt":363,"stat.pickup.minecraft.porkchop":1,"stat.crouchOneCm":209,"stat.timeSinceDeath":6539,"stat.pickup.minecraft.dirt":2,"stat.useItem.minecraft.dirt":1,"stat.sprintOneCm":39012,"stat.mineBlock.minecraft.dirt":2,"stat.useItem.minecraft.stone_slab2":1,"stat.killEntity.Pig":1,"stat.mineBlock.minecraft.tallgrass":9}